"Variable","Media","SD"
"Variable Y",49.7329452717258,10.5188552250369
